City_ID,City,Country,Date,Lat,Lng,Max Temp,Humidity,Cloudiness,Wind Speed,Current Description,Rain inches (last 3 hours),Snow inches (last 3 hours)
0,Kodiak,US,2021-08-15 16:48:57,57.79,-152.4072,47.71,76,1,0.0,clear sky,0,0
1,Hilo,US,2021-08-15 16:48:57,19.7297,-155.09,74.62,88,1,5.75,clear sky,0,0
2,Klimovo,RU,2021-08-15 16:48:58,52.3805,32.1923,75.54,51,55,3.42,broken clouds,0,0
3,Lebu,CL,2021-08-15 16:48:58,-37.6167,-73.65,50.27,89,100,24.56,overcast clouds,0,0
4,Bredasdorp,ZA,2021-08-15 16:48:58,-34.5322,20.0403,60.12,67,6,5.75,clear sky,0,0
5,Pasni,PK,2021-08-15 16:44:24,25.2631,63.471,79.29,82,92,10.45,overcast clouds,0,0
6,Komsomolskiy,UZ,2021-08-15 16:48:59,40.4272,71.7189,79.52,24,20,6.91,few clouds,0,0
7,Port Alfred,ZA,2021-08-15 16:48:59,-33.5906,26.891,61.18,79,0,10.47,clear sky,0,0
8,Westport,US,2021-08-15 16:45:20,41.1415,-73.3579,82.78,54,1,1.01,clear sky,0,0
9,Jamestown,US,2021-08-15 16:45:47,42.097,-79.2353,72.09,63,1,3.0,clear sky,0,0
10,Atuona,PF,2021-08-15 16:49:00,-9.8,-139.0333,77.97,70,7,17.92,clear sky,0,0
11,Tiruvannamalai,IN,2021-08-15 16:49:00,12.2167,79.0667,83.17,54,100,6.51,light rain,0,0
12,Nikolskoye,RU,2021-08-15 16:49:01,59.7035,30.7861,62.02,62,99,7.56,overcast clouds,0,0
13,Puerto Ayora,EC,2021-08-15 16:49:01,-0.7393,-90.3518,75.16,89,91,8.99,overcast clouds,0,0
14,Rocha,UY,2021-08-15 16:49:01,-34.4833,-54.3333,64.51,70,65,3.2,broken clouds,0,0
15,Rikitea,PF,2021-08-15 16:49:02,-23.1203,-134.9692,74.48,75,1,13.38,clear sky,0,0
16,Marquette,US,2021-08-15 16:49:02,46.5333,-87.6335,82.76,51,49,9.22,scattered clouds,0,0
17,Acapulco,MX,2021-08-15 16:48:07,16.8634,-99.8901,86.02,67,32,3.91,scattered clouds,0,0
18,Mandera,KE,2021-08-15 16:49:02,3.9366,41.867,86.63,37,92,14.03,overcast clouds,0,0
19,Logan,US,2021-08-15 16:49:03,41.7355,-111.8344,83.77,72,83,4.0,broken clouds,0,0
20,New Norfolk,AU,2021-08-15 16:49:03,-42.7826,147.0587,42.3,78,83,1.99,light rain,0,0
21,Nizwa,OM,2021-08-15 16:49:04,22.9333,57.5333,99.16,24,67,6.2,broken clouds,0,0
22,Ushuaia,AR,2021-08-15 16:44:40,-54.8,-68.3,47.86,66,40,8.05,scattered clouds,0,0
23,Sovetsk,RU,2021-08-15 16:49:04,55.0839,21.8785,64.36,72,19,11.21,few clouds,0,0
24,Isangel,VU,2021-08-15 16:45:28,-19.55,169.2667,69.62,67,25,16.26,scattered clouds,0,0
25,Vardo,NO,2021-08-15 16:49:04,70.3705,31.1107,48.4,76,75,14.97,broken clouds,0,0
26,Rabak,SD,2021-08-15 16:49:05,13.1809,32.74,82.31,63,63,13.33,broken clouds,0,0
27,Sao Joao Da Barra,BR,2021-08-15 16:44:52,-21.6403,-41.0511,71.69,74,90,10.36,overcast clouds,0,0
28,Vaini,TO,2021-08-15 16:49:05,-21.2,-175.2,66.36,82,20,9.22,few clouds,0,0
29,Ostrovnoy,RU,2021-08-15 16:49:06,68.0531,39.5131,55.85,92,100,5.53,overcast clouds,0,0
30,Tiksi,RU,2021-08-15 16:49:06,71.6872,128.8694,39.54,93,97,4.27,overcast clouds,0,0
31,Rafaela,AR,2021-08-15 16:49:07,-31.2503,-61.4867,71.06,35,12,4.0,few clouds,0,0
32,Kiunga,PG,2021-08-15 16:49:07,-6.1219,141.2906,74.5,97,99,3.8,moderate rain,0,0
33,Kaitangata,NZ,2021-08-15 16:49:07,-46.2817,169.8464,41.58,88,62,5.82,broken clouds,0,0
34,Saint-Philippe,RE,2021-08-15 16:49:08,-21.3585,55.7679,67.55,71,66,12.39,broken clouds,0,0
35,Nouakchott,MR,2021-08-15 16:49:08,18.0858,-15.9785,85.93,77,63,13.11,broken clouds,0,0
36,Hangzhou,CN,2021-08-15 16:47:58,30.2937,120.1614,78.71,98,98,2.26,light rain,0,0
37,Port Elizabeth,ZA,2021-08-15 16:49:08,-33.918,25.5701,61.11,77,0,12.66,clear sky,0,0
38,Alice Springs,AU,2021-08-15 16:49:09,-23.7,133.8833,49.55,37,0,4.61,clear sky,0,0
39,Pochutla,MX,2021-08-15 16:49:09,15.7432,-96.4661,90.82,54,99,4.34,overcast clouds,0,0
40,Busselton,AU,2021-08-15 16:49:10,-33.65,115.3333,50.09,83,0,9.62,clear sky,0,0
41,The Valley,AI,2021-08-15 16:49:10,18.217,-63.0578,86.14,74,40,17.27,scattered clouds,0,0
42,Troitsko-Pechorsk,RU,2021-08-15 16:49:10,62.7084,56.1964,61.27,82,66,5.37,broken clouds,0,0
43,Thompson,CA,2021-08-15 16:49:11,55.7435,-97.8558,75.36,50,20,17.27,few clouds,0,0
44,Marathon,US,2021-08-15 16:46:18,44.9,-89.7668,77.0,59,1,1.01,clear sky,0,0
45,Kapaa,US,2021-08-15 16:49:11,22.0752,-159.319,79.12,75,1,18.41,clear sky,0,0
46,Penhold,CA,2021-08-15 16:49:12,52.1334,-113.8687,74.14,52,40,12.66,scattered clouds,0,0
47,Hofn,IS,2021-08-15 16:49:12,64.2539,-15.2082,55.42,82,75,5.75,broken clouds,0,0
48,Castro,BR,2021-08-15 16:49:12,-24.7911,-50.0119,70.09,59,82,5.86,broken clouds,0,0
49,Salalah,OM,2021-08-15 16:49:13,17.0151,54.0924,77.09,94,90,6.91,overcast clouds,0,0
50,Marawi,PH,2021-08-15 16:49:13,7.9986,124.2928,67.64,95,28,2.04,scattered clouds,0,0
51,Yellowknife,CA,2021-08-15 16:49:13,62.456,-114.3525,59.52,82,75,10.36,broken clouds,0,0
52,Cabo San Lucas,MX,2021-08-15 16:49:14,22.8909,-109.9124,94.51,64,1,7.23,clear sky,0,0
53,Seoul,KR,2021-08-15 16:47:19,37.5683,126.9778,78.37,67,0,9.22,clear sky,0,0
54,Bethel,US,2021-08-15 16:49:14,41.3712,-73.414,79.81,56,1,3.44,clear sky,0,0
55,Adrar,MR,2021-08-15 16:49:14,20.5022,-10.0711,109.27,7,30,15.03,scattered clouds,0,0
56,Saldanha,ZA,2021-08-15 16:49:15,-33.0117,17.9442,64.45,74,16,10.92,few clouds,0,0
57,Mataura,NZ,2021-08-15 16:49:15,-46.1927,168.8643,49.48,89,69,5.17,broken clouds,0,0
58,Santiago De Cao,PE,2021-08-15 16:49:15,-7.9589,-79.2392,64.53,82,90,4.61,overcast clouds,0,0
59,Arraial Do Cabo,BR,2021-08-15 16:49:16,-22.9661,-42.0278,73.36,78,40,10.36,scattered clouds,0,0
60,Avarua,CK,2021-08-15 16:49:16,-21.2078,-159.775,68.05,88,100,3.44,overcast clouds,0,0
61,Albany,US,2021-08-15 16:49:17,42.6001,-73.9662,77.14,54,78,4.99,broken clouds,0,0
62,Norman Wells,CA,2021-08-15 16:49:17,65.282,-126.8329,51.84,100,90,0.0,mist,0,0
63,Butaritari,KI,2021-08-15 16:49:17,3.0707,172.7902,82.42,73,11,10.47,few clouds,0,0
64,Severo-Kurilsk,RU,2021-08-15 16:49:18,50.6789,156.125,53.58,92,17,11.7,few clouds,0,0
65,Tumut,AU,2021-08-15 16:49:18,-35.3,148.2167,38.39,90,1,1.81,clear sky,0,0
66,Hithadhoo,MV,2021-08-15 16:49:19,-0.6,73.0833,83.41,68,76,15.66,broken clouds,0,0
67,Longyearbyen,SJ,2021-08-15 16:49:19,78.2186,15.6401,39.04,75,75,18.41,broken clouds,0,0
68,Tanabe,JP,2021-08-15 16:49:19,33.7333,135.3667,76.93,89,100,3.33,overcast clouds,0,0
69,Changchun,CN,2021-08-15 16:47:42,43.88,125.3228,64.36,91,37,2.62,scattered clouds,0,0
70,Kholm,RU,2021-08-15 16:49:20,59.2667,32.85,59.43,87,93,9.26,moderate rain,0,0
71,Carnarvon,AU,2021-08-15 16:49:20,-24.8667,113.6333,57.27,57,65,6.91,broken clouds,0,0
72,Mundo Nuevo,MX,2021-08-15 16:49:21,18.7,-95.5,83.71,75,27,7.65,scattered clouds,0,0
73,Lagoa,PT,2021-08-15 16:49:21,39.05,-27.9833,70.88,76,17,9.35,few clouds,0,0
74,East London,ZA,2021-08-15 16:49:21,-33.0153,27.9116,61.74,82,0,10.36,clear sky,0,0
75,Kirakira,SB,2021-08-15 16:49:22,-10.4544,161.9205,78.13,88,84,12.26,light rain,0,0
76,Kamenka,RU,2021-08-15 16:49:22,51.3223,42.7678,70.39,75,100,6.85,overcast clouds,0,0
77,Punta Arenas,CL,2021-08-15 16:49:22,-53.15,-70.9167,42.91,93,75,10.36,broken clouds,0,0
78,Timiryazevskiy,RU,2021-08-15 16:49:23,56.49,84.8769,63.16,88,81,4.85,broken clouds,0,0
79,Yarmouth,US,2021-08-15 16:49:23,41.7057,-70.2286,82.26,64,1,15.01,clear sky,0,0
80,Husum,DE,2021-08-15 16:49:24,54.4858,9.0524,71.56,84,95,6.78,overcast clouds,0,0
81,Progreso,MX,2021-08-15 16:49:24,21.2833,-89.6667,98.11,56,20,7.58,few clouds,0,0
82,Tripoli,LY,2021-08-15 16:49:24,32.8752,13.1875,84.85,59,0,12.93,clear sky,0,0
83,Salamiyah,SY,2021-08-15 16:49:25,35.0113,37.0532,83.41,40,0,17.27,clear sky,0,0
84,Huarmey,PE,2021-08-15 16:49:25,-10.0681,-78.1522,68.38,71,68,11.77,broken clouds,0,0
85,Chicama,PE,2021-08-15 16:49:26,-7.8447,-79.1469,63.14,60,75,9.95,broken clouds,0,0
86,Port Hardy,CA,2021-08-15 16:45:15,50.6996,-127.4199,62.78,100,90,5.75,overcast clouds,0,0
87,Barrow,US,2021-08-15 16:48:51,71.2906,-156.7887,39.22,93,90,18.41,overcast clouds,0,0
88,Kasongo-Lunda,CD,2021-08-15 16:49:26,-6.4667,16.8167,87.6,33,76,1.01,broken clouds,0,0
89,Saskylakh,RU,2021-08-15 16:49:27,71.9167,114.0833,47.73,69,3,7.2,clear sky,0,0
90,El Paujil,CO,2021-08-15 16:49:27,1.5701,-75.3286,80.35,72,94,1.59,overcast clouds,0,0
91,Upernavik,GL,2021-08-15 16:49:27,72.7868,-56.1549,42.69,92,100,23.6,light rain,0,0
92,Ternate,ID,2021-08-15 16:49:28,0.8,127.4,79.59,79,36,2.21,scattered clouds,0,0
93,Korla,CN,2021-08-15 16:49:28,41.7597,86.1469,76.05,35,95,3.47,overcast clouds,0,0
94,Namibe,AO,2021-08-15 16:49:28,-15.1961,12.1522,68.77,82,3,10.83,clear sky,0,0
95,Cape Town,ZA,2021-08-15 16:48:00,-33.9258,18.4232,61.21,73,0,1.99,clear sky,0,0
96,Kingman,US,2021-08-15 16:49:29,35.1894,-114.053,88.3,47,1,3.44,clear sky,0,0
97,Srednekolymsk,RU,2021-08-15 16:45:47,67.45,153.6833,39.34,79,69,1.7,broken clouds,0,0
98,Katsuura,JP,2021-08-15 16:49:30,35.1333,140.3,69.91,95,100,11.88,overcast clouds,0,0
99,Mar Del Plata,AR,2021-08-15 16:49:11,-38.0023,-57.5575,51.82,100,40,4.61,scattered clouds,0,0
100,Wangaratta,AU,2021-08-15 16:49:30,-36.3667,146.3333,48.25,71,3,5.75,clear sky,0,0
101,Ponta Do Sol,PT,2021-08-15 16:49:31,32.6667,-17.1,84.83,51,54,6.58,broken clouds,0,0
102,Port Blair,IN,2021-08-15 16:49:31,11.6667,92.75,80.02,85,100,14.52,heavy intensity rain,0,0
103,Bonavista,CA,2021-08-15 16:49:31,48.6499,-53.1147,77.0,88,78,10.42,broken clouds,0,0
104,Ixtapa,MX,2021-08-15 16:49:32,20.7,-105.2,84.22,76,10,3.0,clear sky,0,0
105,Kaseda,JP,2021-08-15 16:49:32,31.4167,130.3167,78.67,88,91,5.55,overcast clouds,0,0
106,Tessalit,ML,2021-08-15 16:49:32,20.1986,1.0114,104.76,12,31,1.1,scattered clouds,0,0
107,Portsoy,GB,2021-08-15 16:49:33,57.6814,-2.6896,62.19,88,94,16.87,overcast clouds,0,0
108,Esperance,AU,2021-08-15 16:49:33,-33.8667,121.9,49.84,87,0,8.08,clear sky,0,0
109,Qasigiannguit,GL,2021-08-15 16:49:34,68.8193,-51.1922,46.65,80,100,3.62,overcast clouds,0,0
110,Labuhan,ID,2021-08-15 16:49:34,-6.8844,112.2051,77.92,83,7,8.25,clear sky,0,0
111,Taoudenni,ML,2021-08-15 16:49:34,22.6783,-3.9836,114.8,6,38,12.91,scattered clouds,0,0
112,Mount Gambier,AU,2021-08-15 16:49:35,-37.8333,140.7667,49.91,93,90,9.22,overcast clouds,0,0
113,Salta,AR,2021-08-15 16:49:35,-24.7859,-65.4117,67.57,32,0,4.0,clear sky,0,0
114,Victoria,HK,2021-08-15 16:49:35,22.2855,114.1577,84.25,89,70,1.01,light rain,0,0
115,Ulaanbaatar,MN,2021-08-15 16:49:36,47.9077,106.8832,64.53,59,40,2.24,scattered clouds,0,0
116,Sale,MA,2021-08-15 16:49:36,34.0389,-6.8166,99.64,65,17,4.61,few clouds,0,0
117,Ushirombo,TZ,2021-08-15 16:49:37,-3.4919,31.9639,76.1,27,16,5.35,few clouds,0,0
118,Chokurdakh,RU,2021-08-15 16:49:37,70.6333,147.9167,40.06,81,100,8.34,overcast clouds,0,0
119,Tuatapere,NZ,2021-08-15 16:49:37,-46.1333,167.6833,49.82,77,92,7.25,overcast clouds,0,0
120,Itoigawa,JP,2021-08-15 16:49:38,37.0333,137.85,74.3,88,99,1.61,overcast clouds,0,0
121,Tasiilaq,GL,2021-08-15 16:49:38,65.6145,-37.6368,51.96,68,87,11.7,overcast clouds,0,0
122,Colquechaca,BO,2021-08-15 16:49:39,-18.6667,-66.0167,45.63,7,3,9.64,clear sky,0,0
123,Rio Gallegos,AR,2021-08-15 16:49:39,-51.6226,-69.2181,46.45,76,0,4.61,clear sky,0,0
124,Fort Nelson,CA,2021-08-15 16:49:39,58.8053,-122.7002,56.79,88,75,3.44,broken clouds,0,0
125,Bluff,NZ,2021-08-15 16:49:40,-46.6,168.3333,49.8,73,100,19.3,overcast clouds,0,0
126,Alofi,NU,2021-08-15 16:49:40,-19.0595,-169.9187,71.49,78,95,12.66,light rain,0,0
127,San Policarpo,PH,2021-08-15 16:49:40,12.1791,125.5072,81.01,81,60,5.1,broken clouds,0,0
128,Auki,SB,2021-08-15 16:44:47,-8.7676,160.7034,76.55,90,84,5.23,broken clouds,0,0
129,Coahuayana,MX,2021-08-15 16:49:41,18.7333,-103.6833,89.08,57,94,2.44,overcast clouds,0,0
130,Sao Pedro Do Sul,BR,2021-08-15 16:49:41,-29.6206,-54.1789,66.85,52,33,4.09,scattered clouds,0,0
131,Hermanus,ZA,2021-08-15 16:49:42,-34.4187,19.2345,55.8,77,25,2.51,scattered clouds,0,0
132,Chuy,UY,2021-08-15 16:49:42,-33.6971,-53.4616,61.07,81,92,2.55,overcast clouds,0,0
133,Jinka,ET,2021-08-15 16:49:42,5.65,36.65,68.58,57,94,2.35,overcast clouds,0,0
134,Dwarka,IN,2021-08-15 16:49:43,22.2394,68.9678,81.59,79,100,16.2,overcast clouds,0,0
135,San Rafael,AR,2021-08-15 16:49:43,-34.6177,-68.3301,63.39,20,100,9.44,overcast clouds,0,0
136,Hobart,AU,2021-08-15 16:47:39,-42.8794,147.3294,42.66,85,75,1.99,light rain,0,0
137,Bari Sadri,IN,2021-08-15 16:49:43,24.4167,74.4667,76.15,75,9,7.07,clear sky,0,0
138,Olafsvik,IS,2021-08-15 16:49:44,64.8945,-23.7142,54.34,85,99,12.35,overcast clouds,0,0
139,Neiafu,TO,2021-08-15 16:49:44,-18.65,-173.9833,70.48,68,75,0.0,broken clouds,0,0
140,Muisne,EC,2021-08-15 16:49:44,0.6,-80.0333,77.79,76,98,11.88,overcast clouds,0,0
141,Batemans Bay,AU,2021-08-15 16:49:45,-35.7167,150.1833,56.19,42,0,11.25,clear sky,0,0
142,Talnakh,RU,2021-08-15 16:49:45,69.4865,88.3972,55.71,87,100,19.01,light rain,0,0
143,Mehamn,NO,2021-08-15 16:49:45,71.0357,27.8492,44.78,80,100,13.98,overcast clouds,0,0
144,Ancud,CL,2021-08-15 16:49:46,-41.8697,-73.8203,44.42,92,100,16.15,heavy intensity rain,0,0
145,New Amsterdam,GY,2021-08-15 16:49:46,6.25,-57.5167,83.89,70,78,5.44,broken clouds,0,0
146,Colares,PT,2021-08-15 16:49:47,38.7992,-9.4469,85.19,47,0,21.85,clear sky,0,0
147,Pisco,PE,2021-08-15 16:49:47,-13.7,-76.2167,66.02,77,90,8.05,mist,0,0
148,Guerrero Negro,MX,2021-08-15 16:49:47,27.9769,-114.0611,77.43,63,54,12.5,broken clouds,0,0
149,Pevek,RU,2021-08-15 16:49:48,69.7008,170.3133,33.03,100,100,6.2,snow,0,0
150,Sumenep,ID,2021-08-15 16:49:48,-7.0167,113.8667,79.93,78,5,12.73,clear sky,0,0
151,Grand-Bourg,GP,2021-08-15 16:49:49,15.8835,-61.3148,86.2,79,84,19.39,broken clouds,0,0
152,Bangangte,CM,2021-08-15 16:49:49,5.1409,10.5198,65.59,95,100,3.71,light rain,0,0
153,Nantucket,US,2021-08-15 16:49:49,41.2835,-70.0995,82.26,63,1,11.5,clear sky,0,0
154,Sept-Iles,CA,2021-08-15 16:49:50,50.2001,-66.3821,73.06,67,75,5.99,broken clouds,0,0
155,Ilulissat,GL,2021-08-15 16:49:50,69.2167,-51.1,46.42,93,20,8.05,few clouds,0,0
156,Nanortalik,GL,2021-08-15 16:49:50,60.1432,-45.2371,49.68,93,100,8.3,light rain,0,0
157,Abalak,RU,2021-08-15 16:49:51,58.1286,68.5944,61.57,75,79,4.25,broken clouds,0,0
158,Oksfjord,NO,2021-08-15 16:49:51,70.2396,22.3479,51.87,85,100,5.84,overcast clouds,0,0
159,Aykhal,RU,2021-08-15 16:49:52,66.0,111.5,51.71,86,100,3.22,overcast clouds,0,0
160,Honiara,SB,2021-08-15 16:49:52,-9.4333,159.95,76.69,89,61,5.57,broken clouds,0,0
161,Bilma,NE,2021-08-15 16:49:52,18.6853,12.9164,101.71,20,64,6.85,broken clouds,0,0
162,Gijon,ES,2021-08-15 16:49:53,43.5357,-5.6615,71.06,66,12,1.99,few clouds,0,0
163,Sotouboua,TG,2021-08-15 16:49:53,8.5667,0.9833,77.5,86,81,2.75,moderate rain,0,0
164,Maarianhamina,AX,2021-08-15 16:49:53,60.0973,19.9348,58.86,82,20,8.05,few clouds,0,0
165,Klaksvik,FO,2021-08-15 16:49:54,62.2266,-6.589,50.92,73,99,14.07,overcast clouds,0,0
166,Faanui,PF,2021-08-15 16:49:54,-16.4833,-151.75,78.51,74,9,10.85,clear sky,0,0
167,Waingapu,ID,2021-08-15 16:45:09,-9.6567,120.2641,76.21,86,7,11.68,clear sky,0,0
168,Caucaia,BR,2021-08-15 16:49:55,-3.7361,-38.6531,87.75,55,20,11.5,few clouds,0,0
169,Gizo,SB,2021-08-15 16:49:55,-8.103,156.8419,81.34,79,66,8.63,light rain,0,0
170,Leningradskiy,RU,2021-08-15 16:49:55,69.3833,178.4167,32.58,96,100,13.15,overcast clouds,0,0
171,Berlevag,NO,2021-08-15 16:49:56,70.8578,29.0864,46.2,81,100,15.97,overcast clouds,0,0
172,Wausau,US,2021-08-15 16:49:56,44.9591,-89.6301,78.26,56,1,9.22,clear sky,0,0
173,Bambous Virieux,MU,2021-08-15 16:49:56,-20.3428,57.7575,66.45,82,40,11.5,scattered clouds,0,0
174,Husavik,IS,2021-08-15 16:49:57,66.0449,-17.3389,66.11,70,79,8.84,broken clouds,0,0
175,Limon,CR,2021-08-15 16:49:57,10.0,-83.0333,84.09,70,75,0.0,broken clouds,0,0
176,Kyshtovka,RU,2021-08-15 16:49:57,56.555,76.6271,63.43,79,50,5.03,scattered clouds,0,0
177,Griffith,US,2021-08-15 16:49:58,41.5284,-87.4237,79.9,47,1,4.0,clear sky,0,0
178,Piacabucu,BR,2021-08-15 16:49:58,-10.4056,-36.4344,78.71,63,49,11.52,scattered clouds,0,0
179,Brookhaven,US,2021-08-15 16:49:59,31.5791,-90.4407,86.95,54,32,2.39,scattered clouds,0,0
180,Oussouye,SN,2021-08-15 16:49:59,12.485,-16.5469,86.18,84,100,5.97,overcast clouds,0,0
181,Uige,AO,2021-08-15 16:49:59,-7.6087,15.0613,77.99,54,88,1.23,light rain,0,0
182,Coquimbo,CL,2021-08-15 16:47:26,-29.9533,-71.3436,56.93,71,75,3.44,broken clouds,0,0
183,Tobermory,CA,2021-08-15 16:50:00,45.2501,-81.6665,71.31,63,3,15.03,clear sky,0,0
184,Puerto Escondido,MX,2021-08-15 16:50:01,15.85,-97.0667,86.61,62,91,4.03,overcast clouds,0,0
185,Bengkulu,ID,2021-08-15 16:49:17,-3.8004,102.2655,76.12,90,100,3.69,light rain,0,0
186,Samarai,PG,2021-08-15 16:50:01,-10.6167,150.6667,78.21,85,74,17.27,broken clouds,0,0
187,Te Anau,NZ,2021-08-15 16:50:01,-45.4167,167.7167,45.77,86,81,9.06,broken clouds,0,0
188,Khudumelapye,BW,2021-08-15 16:50:02,-23.8833,24.75,64.89,42,0,8.57,clear sky,0,0
189,Morehead,US,2021-08-15 16:50:02,37.2711,-87.1764,78.84,80,90,0.0,overcast clouds,0,0
190,La Jagua Del Pilar,CO,2021-08-15 16:50:04,10.5102,-73.071,86.81,65,98,2.39,overcast clouds,0,0
191,Tselinnoye,RU,2021-08-15 16:50:04,53.0833,85.6667,56.62,89,84,2.42,broken clouds,0,0
192,Caconda,AO,2021-08-15 16:50:05,-13.7333,15.0667,72.81,20,5,3.8,clear sky,0,0
193,Chon Buri,TH,2021-08-15 16:50:05,13.3,101.3,74.62,96,100,6.29,moderate rain,0,0
194,Ust-Kuyga,RU,2021-08-15 16:50:06,70.0167,135.6,41.74,77,92,6.69,overcast clouds,0,0
195,Tuktoyaktuk,CA,2021-08-15 16:50:06,69.4541,-133.0374,51.8,71,90,10.36,overcast clouds,0,0
196,Gazanjyk,TM,2021-08-15 16:50:06,39.2446,55.5154,85.21,11,0,15.48,clear sky,0,0
197,Yaan,NG,2021-08-15 16:50:07,7.3833,8.5667,78.82,87,86,4.65,light rain,0,0
198,Poso,ID,2021-08-15 16:50:07,-1.3959,120.7524,76.06,82,31,7.54,scattered clouds,0,0
199,Nome,US,2021-08-15 16:49:23,64.5011,-165.4064,48.27,93,90,6.91,overcast clouds,0,0
200,Lazaro Cardenas,MX,2021-08-15 16:50:07,17.9583,-102.2,86.2,69,24,2.62,few clouds,0,0
201,Haines Junction,CA,2021-08-15 16:50:08,60.7522,-137.5108,48.15,87,100,6.91,light rain,0,0
202,Miragoane,HT,2021-08-15 16:50:08,18.4423,-73.0876,83.37,73,81,2.73,broken clouds,0,0
203,Los Llanos De Aridane,ES,2021-08-15 16:50:09,28.6585,-17.9182,74.95,78,20,16.11,few clouds,0,0
204,Maniitsoq,GL,2021-08-15 16:50:09,65.4167,-52.9,45.54,96,100,4.56,overcast clouds,0,0
205,Nemuro,JP,2021-08-15 16:50:10,43.3236,145.575,55.47,86,0,7.43,clear sky,0,0
206,Mookane,BW,2021-08-15 16:50:10,-23.688,26.6595,62.98,52,0,8.66,clear sky,0,0
207,Togur,RU,2021-08-15 16:50:10,58.3631,82.8265,64.36,80,100,6.6,light rain,0,0
208,Egvekinot,RU,2021-08-15 16:50:11,66.3167,-179.1667,40.6,74,18,4.32,few clouds,0,0
209,Khatanga,RU,2021-08-15 16:50:11,71.9667,102.5,57.87,48,100,11.27,overcast clouds,0,0
210,Pacific Grove,US,2021-08-15 16:48:43,36.6177,-121.9166,61.43,95,90,4.0,overcast clouds,0,0
211,Le Vauclin,MQ,2021-08-15 16:50:11,14.5452,-60.8388,84.33,83,75,4.61,broken clouds,0,0
212,Assiniboia,CA,2021-08-15 16:50:12,49.6334,-105.9845,80.51,28,76,8.05,broken clouds,0,0
213,Cidreira,BR,2021-08-15 16:50:12,-30.1811,-50.2056,62.37,82,91,7.34,overcast clouds,0,0
214,Batticaloa,LK,2021-08-15 16:50:13,7.7102,81.6924,81.55,74,100,5.3,overcast clouds,0,0
215,Saint-Augustin,CA,2021-08-15 16:50:13,51.226,-58.6502,65.32,96,100,2.17,overcast clouds,0,0
216,Kahama,TZ,2021-08-15 16:50:13,-3.8333,32.6,75.54,28,71,4.59,broken clouds,0,0
217,Chumikan,RU,2021-08-15 16:50:14,54.7183,135.315,62.89,81,87,10.87,overcast clouds,0,0
218,Plettenberg Bay,ZA,2021-08-15 16:50:14,-34.0527,23.3716,57.72,82,0,5.95,clear sky,0,0
219,Provideniya,RU,2021-08-15 16:50:15,64.3833,-173.3,50.31,79,100,2.26,light rain,0,0
220,Genhe,CN,2021-08-15 16:50:15,50.7833,121.5167,60.46,78,100,0.36,overcast clouds,0,0
221,Qaanaaq,GL,2021-08-15 16:50:16,77.484,-69.3632,38.44,99,100,6.87,light rain,0,0
222,San Cristobal,VE,2021-08-15 16:50:16,7.7669,-72.225,77.18,48,75,6.64,broken clouds,0,0
223,Alirajpur,IN,2021-08-15 16:50:16,22.3031,74.3546,79.65,69,71,5.86,broken clouds,0,0
224,Dubuque,US,2021-08-15 16:50:17,42.4833,-90.8668,79.56,47,1,6.91,clear sky,0,0
225,Pala,TD,2021-08-15 16:50:17,9.3642,14.9046,77.92,81,89,1.77,light rain,0,0
226,Makarska,HR,2021-08-15 16:50:18,43.2969,17.0178,95.54,55,1,2.66,clear sky,0,0
227,Padang,ID,2021-08-15 16:50:18,-0.9492,100.3543,77.18,92,100,4.38,overcast clouds,0,0
228,Buala,SB,2021-08-15 16:50:18,-8.145,159.5921,79.83,83,83,7.67,light rain,0,0
229,Umm Lajj,SA,2021-08-15 16:50:19,25.0213,37.2685,89.53,59,7,7.83,clear sky,0,0
230,Sibolga,ID,2021-08-15 16:50:19,1.7427,98.7792,76.59,90,100,3.33,moderate rain,0,0
231,Torbay,CA,2021-08-15 16:50:20,47.6666,-52.7314,81.37,78,40,3.44,light rain,0,0
232,Neuquen,AR,2021-08-15 16:50:20,-38.9516,-68.0591,53.49,43,0,0.0,light rain,0,0
233,Nanfeng,CN,2021-08-15 16:50:20,23.7434,111.7959,77.68,95,82,1.54,broken clouds,0,0
234,Kiruna,SE,2021-08-15 16:50:21,67.8557,20.2251,56.32,67,0,9.22,clear sky,0,0
235,Sibu,MY,2021-08-15 16:50:21,2.3,111.8167,77.31,94,40,2.3,scattered clouds,0,0
236,Fortuna,US,2021-08-15 16:50:22,40.5982,-124.1573,60.66,96,90,4.61,overcast clouds,0,0
237,Soyo,AO,2021-08-15 16:50:22,-6.1349,12.3689,73.94,84,55,11.45,broken clouds,0,0
238,Nokaneng,BW,2021-08-15 16:50:22,-19.6667,22.2667,72.81,22,0,7.99,clear sky,0,0
239,Teguldet,RU,2021-08-15 16:50:23,57.3064,88.1667,56.16,80,23,3.94,few clouds,0,0
240,Boa Esperanca Do Sul,BR,2021-08-15 16:50:23,-21.9925,-48.3908,90.1,20,1,4.97,clear sky,0,0
241,Mayo,US,2021-08-15 16:50:00,38.8876,-76.5119,83.46,62,1,8.01,clear sky,0,0
242,Lata,PT,2021-08-15 16:50:24,40.1629,-8.3327,94.05,31,0,9.28,clear sky,0,0
243,Karratha,AU,2021-08-15 16:50:24,-20.7377,116.8463,75.83,42,98,12.75,overcast clouds,0,0
244,Dikson,RU,2021-08-15 16:50:24,73.5069,80.5464,46.87,100,100,15.32,light rain,0,0
245,Hamilton,US,2021-08-15 16:50:25,39.1834,-84.5333,75.42,75,90,3.0,overcast clouds,0,0
246,Ostrovskoye,RU,2021-08-15 16:50:25,57.8057,42.2433,66.52,63,69,6.53,broken clouds,0,0
247,Necochea,AR,2021-08-15 16:45:37,-38.5473,-58.7368,64.04,45,17,8.77,few clouds,0,0
248,Kavieng,PG,2021-08-15 16:50:26,-2.5744,150.7967,81.09,80,99,10.94,light rain,0,0
249,Faya,SA,2021-08-15 16:50:26,18.3851,42.4509,73.51,72,88,6.26,overcast clouds,0,0
250,Poum,NC,2021-08-15 16:50:27,-20.2333,164.0167,69.42,70,75,15.97,broken clouds,0,0
251,Bitung,ID,2021-08-15 16:50:27,1.4451,125.1824,76.05,83,36,8.48,light rain,0,0
252,Ati,TD,2021-08-15 16:50:27,13.2154,18.3353,80.47,66,89,6.02,overcast clouds,0,0
253,Palasa,IN,2021-08-15 16:50:28,18.7667,84.4167,82.6,82,73,1.52,broken clouds,0,0
254,Aripuana,BR,2021-08-15 16:50:28,-9.1667,-60.6333,100.22,21,7,2.44,clear sky,0,0
255,Flin Flon,CA,2021-08-15 16:50:29,54.7682,-101.865,76.84,38,20,10.36,smoke,0,0
256,Balabac,PH,2021-08-15 16:50:29,7.9868,117.0645,82.8,77,82,10.22,broken clouds,0,0
257,Banjar,ID,2021-08-15 16:50:29,-8.19,114.9675,80.46,90,19,4.38,few clouds,0,0
258,Takoradi,GH,2021-08-15 16:50:30,4.8845,-1.7554,78.3,72,56,12.75,broken clouds,0,0
259,At-Bashi,KG,2021-08-15 16:50:30,41.1702,75.8106,51.03,38,80,3.22,broken clouds,0,0
260,Taksimo,RU,2021-08-15 16:50:30,56.3444,114.8794,62.04,70,7,1.3,clear sky,0,0
261,Severnyy,RU,2021-08-15 16:50:31,50.677,36.5532,77.04,41,0,4.47,clear sky,0,0
262,Colesberg,ZA,2021-08-15 16:50:31,-30.72,25.0972,53.82,56,2,6.35,clear sky,0,0
263,Pestretsy,RU,2021-08-15 16:50:31,55.7531,49.6545,71.74,64,22,1.74,few clouds,0,0
264,Hastings,GB,2021-08-15 16:50:32,50.8552,0.5729,71.89,70,32,20.29,scattered clouds,0,0
265,Kaeo,NZ,2021-08-15 16:50:32,-35.1,173.7833,49.32,77,7,3.11,clear sky,0,0
266,Kaduqli,SD,2021-08-15 16:50:33,11.0167,29.7167,75.25,81,96,5.44,overcast clouds,0,0
267,Beira,MZ,2021-08-15 16:50:33,-19.8436,34.8389,69.89,78,75,8.05,broken clouds,0,0
268,Fukue,JP,2021-08-15 16:50:34,32.6881,128.8419,73.81,93,100,3.02,moderate rain,0,0
269,Dibulla,CO,2021-08-15 16:50:34,11.2725,-73.3091,85.37,68,97,7.09,overcast clouds,0,0
270,Walvis Bay,NA,2021-08-15 16:50:34,-22.9575,14.5053,59.95,77,23,5.75,few clouds,0,0
271,Makat,KZ,2021-08-15 16:50:35,47.6469,53.3463,82.98,15,0,8.21,clear sky,0,0
272,Madimba,TZ,2021-08-15 16:50:35,-10.4,40.3333,74.7,78,7,14.79,clear sky,0,0
273,Namatanai,PG,2021-08-15 16:50:35,-3.6667,152.4333,78.85,83,67,5.1,light rain,0,0
274,Ribeira Grande,PT,2021-08-15 16:50:36,38.5167,-28.7,77.4,69,40,6.91,scattered clouds,0,0
275,Rudbar,AF,2021-08-15 16:50:36,30.15,62.6,89.6,10,0,18.1,clear sky,0,0
276,Vanavara,RU,2021-08-15 16:50:36,60.34,102.2797,52.83,98,28,4.41,scattered clouds,0,0
277,Riyadh,SA,2021-08-15 16:46:08,24.6877,46.7219,104.14,12,47,8.88,scattered clouds,0,0
278,Sechura,PE,2021-08-15 16:50:37,-5.5569,-80.8222,73.65,57,56,8.88,broken clouds,0,0
279,Abu Dhabi,AE,2021-08-15 16:50:28,24.4667,54.3667,96.91,67,0,6.91,clear sky,0,0
280,Okha,RU,2021-08-15 16:50:37,53.5739,142.9478,53.62,84,23,9.22,few clouds,0,0
281,Talgar,KZ,2021-08-15 16:50:38,43.3027,77.2395,57.36,67,75,6.71,broken clouds,0,0
282,Manavgat,TR,2021-08-15 16:50:38,36.7867,31.4431,91.81,60,0,1.21,clear sky,0,0
283,Huangnihe,CN,2021-08-15 16:50:39,43.5583,128.0239,57.76,95,99,1.52,overcast clouds,0,0
284,Changde,CN,2021-08-15 16:50:39,29.0464,111.6783,70.03,95,60,3.53,light rain,0,0
285,Yeppoon,AU,2021-08-15 16:50:39,-23.1333,150.7333,56.98,89,0,7.4,clear sky,0,0
286,Airai,TL,2021-08-15 16:50:40,-8.9266,125.4092,57.6,90,63,3.71,broken clouds,0,0
287,Isla Vista,US,2021-08-15 16:50:40,34.4133,-119.861,93.13,82,1,3.44,haze,0,0
288,Novoagansk,RU,2021-08-15 16:50:40,61.9449,76.6625,62.28,66,81,8.93,broken clouds,0,0
289,Bowen,AU,2021-08-15 16:50:41,-20.0167,148.2333,64.62,80,44,11.83,scattered clouds,0,0
290,Sao Miguel Do Araguaia,BR,2021-08-15 16:50:41,-13.275,-50.1628,96.57,13,2,6.04,clear sky,0,0
291,Valparaiso,CL,2021-08-15 16:50:41,-33.0393,-71.6273,54.52,82,90,10.36,mist,0,0
292,Gravdal,NO,2021-08-15 16:50:42,68.1214,13.5031,55.08,76,62,19.73,broken clouds,0,0
293,Ahipara,NZ,2021-08-15 16:50:42,-35.1667,173.1667,46.81,79,6,2.15,clear sky,0,0
294,Boa Vista,BR,2021-08-15 16:50:43,2.8197,-60.6733,84.18,65,75,5.75,broken clouds,0,0
295,Ojinaga,MX,2021-08-15 16:50:43,29.5667,-104.4167,91.58,57,1,0.0,clear sky,0,0
296,Avera,US,2021-08-15 16:50:43,33.194,-82.5271,86.94,61,100,7.27,overcast clouds,0,0
297,Champerico,GT,2021-08-15 16:50:44,14.3,-91.9167,89.94,75,99,9.57,overcast clouds,0,0
298,Dunedin,NZ,2021-08-15 16:48:48,-45.8742,170.5036,50.81,51,37,8.99,scattered clouds,0,0
299,Puerto Del Rosario,ES,2021-08-15 16:50:44,28.5004,-13.8627,94.68,74,23,11.5,few clouds,0,0
300,Concepcion Del Oro,MX,2021-08-15 16:50:44,24.6333,-101.4167,70.03,47,32,4.09,scattered clouds,0,0
301,Ambulu,ID,2021-08-15 16:50:45,-8.345,113.6058,73.63,90,18,3.89,few clouds,0,0
302,Tocopilla,CL,2021-08-15 16:50:45,-22.092,-70.1979,66.18,63,11,9.22,few clouds,0,0
303,Nuuk,GL,2021-08-15 16:50:46,64.1835,-51.7216,46.51,98,100,3.69,moderate rain,0,0
304,Doha,QA,2021-08-15 16:45:55,25.2867,51.5333,100.71,28,0,13.8,clear sky,0,0
305,Verkhoyansk,RU,2021-08-15 16:50:47,67.5447,133.385,47.91,78,100,3.27,overcast clouds,0,0
306,Siguiri,GN,2021-08-15 16:50:47,11.6667,-9.5,79.97,84,76,3.56,moderate rain,0,0
307,Palauig,PH,2021-08-15 16:50:47,15.435,119.9045,80.73,80,94,4.09,overcast clouds,0,0
308,Makaha,US,2021-08-15 16:50:48,21.4694,-158.2175,76.91,83,75,4.61,broken clouds,0,0
309,Charcas,MX,2021-08-15 16:50:48,23.1333,-101.1167,70.34,50,39,7.54,scattered clouds,0,0
310,Mahebourg,MU,2021-08-15 16:50:48,-20.4081,57.7,66.49,82,40,11.5,scattered clouds,0,0
311,Forestville,US,2021-08-15 16:50:49,38.8451,-76.875,82.47,61,75,8.05,broken clouds,0,0
312,Clyde River,CA,2021-08-15 16:50:49,70.4692,-68.5914,43.03,93,75,3.44,broken clouds,0,0
313,Cherskiy,RU,2021-08-15 16:50:49,68.75,161.3,42.49,89,100,3.71,overcast clouds,0,0
314,Hasaki,JP,2021-08-15 16:50:50,35.7333,140.8333,68.4,85,100,14.43,overcast clouds,0,0
315,Quesnel,CA,2021-08-15 16:50:50,52.9999,-122.5029,63.1,94,90,4.61,overcast clouds,0,0
316,Santa Isabel,BR,2021-08-15 16:49:53,-23.3156,-46.2214,75.65,35,1,2.35,clear sky,0,0
317,Nouadhibou,MR,2021-08-15 16:50:51,20.931,-17.0347,78.78,73,52,16.11,broken clouds,0,0
318,Beisfjord,NO,2021-08-15 16:50:51,68.3751,17.5988,60.04,82,91,6.35,overcast clouds,0,0
319,Bathsheba,BB,2021-08-15 16:50:51,13.2167,-59.5167,86.61,74,20,12.66,few clouds,0,0
320,Springdale,US,2021-08-15 16:50:52,36.1867,-94.1288,83.57,69,75,4.61,broken clouds,0,0
321,Narsaq,GL,2021-08-15 16:50:52,60.9167,-46.05,56.82,83,96,6.4,overcast clouds,0,0
322,Half Moon Bay,US,2021-08-15 16:50:52,37.4636,-122.4286,78.82,84,40,8.05,scattered clouds,0,0
323,Semey,KZ,2021-08-15 16:50:53,50.4111,80.2275,63.93,68,100,5.73,overcast clouds,0,0
324,Barra Do Garcas,BR,2021-08-15 16:50:53,-15.89,-52.2567,97.0,15,1,6.82,clear sky,0,0
325,Lorengau,PG,2021-08-15 16:50:53,-2.0226,147.2712,81.18,80,91,6.51,overcast clouds,0,0
326,Kavaratti,IN,2021-08-15 16:50:54,10.5669,72.642,81.54,79,100,18.52,overcast clouds,0,0
327,Ankazoabo,MG,2021-08-15 16:50:54,-22.2833,44.5167,65.68,42,0,9.6,clear sky,0,0
328,Bandarbeyla,SO,2021-08-15 16:50:55,9.4942,50.8122,83.77,57,33,28.72,scattered clouds,0,0
329,San Vicente,AR,2021-08-15 16:50:55,-26.6167,-54.1333,75.52,43,67,3.89,broken clouds,0,0
330,Anton Lizardo,MX,2021-08-15 16:50:55,19.05,-95.9833,89.22,74,36,7.0,scattered clouds,0,0
331,La Rioja,ES,2021-08-15 16:50:56,42.25,-2.5,95.04,48,0,7.76,clear sky,0,0
332,Santa Isabel Do Rio Negro,BR,2021-08-15 16:50:56,-0.4139,-65.0192,89.51,49,97,4.05,overcast clouds,0,0
333,Kahului,US,2021-08-15 16:50:57,20.8947,-156.47,74.46,86,20,11.5,light rain,0,0
334,Umba,RU,2021-08-15 16:50:57,66.6871,34.3429,55.69,93,100,5.77,overcast clouds,0,0
335,San Patricio,US,2021-08-15 16:50:57,28.017,-97.5169,91.29,47,34,6.35,scattered clouds,0,0
336,Yulara,AU,2021-08-15 16:50:58,-25.2406,130.9889,62.44,29,4,12.66,clear sky,0,0
337,Vanimo,PG,2021-08-15 16:50:58,-2.6741,141.3028,77.14,90,59,5.41,broken clouds,0,0
338,Norre Alslev,DK,2021-08-15 16:50:58,54.8978,11.8841,68.81,76,34,11.21,scattered clouds,0,0
339,Traralgon,AU,2021-08-15 16:50:59,-38.1833,146.5333,51.19,86,65,14.0,broken clouds,0,0
340,Slonim,BY,2021-08-15 16:50:59,53.0867,25.3219,70.48,77,70,5.21,broken clouds,0,0
341,Sinnamary,GF,2021-08-15 16:50:59,5.3833,-52.95,77.88,86,96,9.55,moderate rain,0,0
342,Sioux Lookout,CA,2021-08-15 16:51:00,50.1001,-91.917,82.47,39,75,5.75,broken clouds,0,0
343,Sao Jose Da Coroa Grande,BR,2021-08-15 16:51:00,-8.8978,-35.1478,77.9,68,79,13.82,broken clouds,0,0
344,Fez,MA,2021-08-15 16:51:01,34.0372,-4.9998,113.11,4,40,9.22,scattered clouds,0,0
345,Ahuimanu,US,2021-08-15 16:51:01,21.4447,-157.8378,76.71,74,40,6.91,light rain,0,0
346,Viedma,AR,2021-08-15 16:51:01,-40.8135,-62.9967,69.08,17,39,15.48,scattered clouds,0,0
347,Kjopsvik,NO,2021-08-15 16:51:02,68.097,16.3742,57.16,80,84,6.55,broken clouds,0,0
348,Vila,PT,2021-08-15 16:51:02,42.0304,-8.1588,81.34,36,0,9.1,clear sky,0,0
349,Atbasar,KZ,2021-08-15 16:51:03,51.8,68.3333,69.67,38,7,7.38,clear sky,0,0
350,Neyshabur,IR,2021-08-15 16:51:03,36.2133,58.7958,76.05,16,0,7.4,clear sky,0,0
351,Laguna,US,2021-08-15 16:51:03,38.421,-121.4238,90.1,67,1,0.0,haze,0,0
352,Koslan,RU,2021-08-15 16:51:04,63.4564,48.8989,65.57,68,99,12.59,overcast clouds,0,0
353,Taua,BR,2021-08-15 16:51:04,-5.9667,-40.3,92.1,26,59,8.1,broken clouds,0,0
354,Portland,US,2021-08-15 16:47:11,45.5234,-122.6762,82.62,65,40,1.01,scattered clouds,0,0
355,Kununurra,AU,2021-08-15 16:51:05,-15.7667,128.7333,80.58,28,75,8.05,broken clouds,0,0
356,Deputatskiy,RU,2021-08-15 16:51:05,69.3,139.9,37.8,90,100,3.83,overcast clouds,0,0
357,Igarka,RU,2021-08-15 16:51:06,67.4667,86.5833,57.07,97,100,11.18,light rain,0,0
358,Buchanan,LR,2021-08-15 16:51:06,5.8808,-10.0467,78.85,68,92,8.34,overcast clouds,0,0
359,Caruray,PH,2021-08-15 16:51:06,10.3094,119.0128,79.57,82,58,4.05,broken clouds,0,0
360,La Rochelle,FR,2021-08-15 16:51:07,46.1667,-1.15,75.51,78,75,16.11,broken clouds,0,0
361,Atar,MR,2021-08-15 16:51:07,20.5169,-13.0499,106.83,12,39,5.64,scattered clouds,0,0
362,Severo-Yeniseyskiy,RU,2021-08-15 16:51:08,60.3725,93.0408,53.29,75,87,2.66,overcast clouds,0,0
363,Suwannaphum,TH,2021-08-15 16:51:08,15.6035,103.8021,75.02,93,100,3.47,overcast clouds,0,0
364,Akyab,MM,2021-08-15 16:51:08,20.15,92.9,81.18,86,97,11.65,overcast clouds,0,0
365,Corrente,BR,2021-08-15 16:49:07,-3.7367,-43.3394,94.84,32,31,1.16,scattered clouds,0,0
366,Conde,BR,2021-08-15 16:51:09,-7.2597,-34.9075,81.86,65,75,17.27,broken clouds,0,0
367,Asau,RO,2021-08-15 16:51:09,46.4333,26.4,79.72,64,65,2.15,broken clouds,0,0
368,Byron Bay,AU,2021-08-15 16:51:10,-28.65,153.6167,60.75,71,67,4.68,broken clouds,0,0
369,Hanna,CA,2021-08-15 16:51:10,51.6334,-111.9018,74.88,42,96,7.0,overcast clouds,0,0
370,Trelew,AR,2021-08-15 16:51:10,-43.249,-65.3051,69.04,14,85,19.84,overcast clouds,0,0
371,Iqaluit,CA,2021-08-15 16:51:11,63.7506,-68.5145,44.33,93,90,5.75,light rain,0,0
372,Roros,NO,2021-08-15 16:51:11,62.5747,11.3842,49.84,81,75,10.36,broken clouds,0,0
373,Linhares,BR,2021-08-15 16:51:11,-19.3911,-40.0722,77.85,61,65,10.29,broken clouds,0,0
374,Chapais,CA,2021-08-15 16:51:12,49.7834,-74.8492,65.98,33,51,8.57,broken clouds,0,0
375,Pervomayskaya,RU,2021-08-15 16:51:12,43.4033,45.5261,78.6,69,75,4.47,broken clouds,0,0
376,Duluth,US,2021-08-15 16:51:12,46.7833,-92.1066,85.05,38,1,11.01,clear sky,0,0
377,Karlstad,SE,2021-08-15 16:51:13,59.3793,13.5036,64.96,59,92,4.61,overcast clouds,0,0
378,Mabaruma,GY,2021-08-15 16:51:13,8.2,-59.7833,82.63,79,66,2.39,broken clouds,0,0
379,Debre Tabor,ET,2021-08-15 16:51:13,11.85,38.0167,49.15,91,80,5.99,moderate rain,0,0
380,Huambo,AO,2021-08-15 16:48:44,-12.7761,15.7392,72.5,18,7,0.4,clear sky,0,0
381,Ergani,TR,2021-08-15 16:51:14,38.2653,39.7621,88.52,28,0,11.01,clear sky,0,0
382,Paka,MY,2021-08-15 16:51:14,4.6374,103.4368,76.93,94,100,0.0,overcast clouds,0,0
383,Salekhard,RU,2021-08-15 16:51:15,66.53,66.6019,54.61,73,96,13.2,overcast clouds,0,0
384,Cayenne,GF,2021-08-15 16:51:15,4.9333,-52.3333,80.64,83,75,1.01,broken clouds,0,0
385,Freeport,US,2021-08-15 16:51:15,40.6576,-73.5832,84.0,52,1,3.0,clear sky,0,0
386,Sivas,TR,2021-08-15 16:51:16,39.7916,37.0019,59.0,71,37,7.27,scattered clouds,0,0
387,Kruisfontein,ZA,2021-08-15 16:51:16,-34.0033,24.7314,58.89,76,0,6.22,clear sky,0,0
388,Broome,US,2021-08-15 16:51:16,42.2506,-75.833,75.7,57,20,3.0,few clouds,0,0
389,Najran,SA,2021-08-15 16:51:17,17.4924,44.1277,95.65,13,82,14.81,broken clouds,0,0
390,Marsh Harbour,BS,2021-08-15 16:51:17,26.5412,-77.0636,83.21,75,100,17.11,overcast clouds,0,0
391,Bandar-E Lengeh,IR,2021-08-15 16:51:17,26.5579,54.8807,93.31,84,7,6.91,mist,0,0
392,Diapaga,BF,2021-08-15 16:51:18,12.0708,1.7889,80.38,79,99,5.82,moderate rain,0,0
393,Anqing,CN,2021-08-15 16:51:18,30.5092,117.0506,72.93,97,73,1.57,light rain,0,0
394,Eidsvoll,NO,2021-08-15 16:51:18,60.3305,11.2616,62.73,84,75,0.0,light intensity shower rain,0,0
395,Warrnambool,AU,2021-08-15 16:51:19,-38.3833,142.4833,53.82,75,14,19.8,few clouds,0,0
396,Jacareacanga,BR,2021-08-15 16:51:19,-6.2222,-57.7528,94.95,36,48,4.97,scattered clouds,0,0
397,Altay,CN,2021-08-15 16:51:20,47.8667,88.1167,60.15,67,97,5.57,overcast clouds,0,0
398,Puerto Leguizamo,CO,2021-08-15 16:51:20,-0.1934,-74.7819,87.85,55,94,2.15,overcast clouds,0,0
399,Bonthe,SL,2021-08-15 16:51:20,7.5264,-12.505,78.8,76,97,9.82,light rain,0,0
400,Neryungri,RU,2021-08-15 16:51:21,56.6709,124.6491,55.24,83,6,5.28,clear sky,0,0
401,Naze,JP,2021-08-15 16:51:21,28.3667,129.4833,77.68,87,87,9.75,overcast clouds,0,0
402,Georgetown,MY,2021-08-15 16:46:39,5.4112,100.3354,78.89,91,40,0.0,scattered clouds,0,0
403,Lokosovo,RU,2021-08-15 16:51:22,61.1333,74.8167,63.45,62,62,5.91,broken clouds,0,0
404,Sao Felix Do Xingu,BR,2021-08-15 16:51:22,-6.6447,-51.995,100.92,17,28,3.29,scattered clouds,0,0
405,Awbari,LY,2021-08-15 16:51:22,26.5921,12.7805,92.34,16,0,8.37,clear sky,0,0
406,Grand Gaube,MU,2021-08-15 16:51:23,-20.0064,57.6608,66.6,77,58,1.01,moderate rain,0,0
407,Moron,AR,2021-08-15 16:46:56,-34.6534,-58.6198,64.02,69,4,1.01,clear sky,0,0
408,Cerro De Pasco,PE,2021-08-15 16:51:23,-10.6833,-76.2667,52.39,37,32,11.07,scattered clouds,0,0
409,Matagami,CA,2021-08-15 16:47:32,49.7502,-77.6328,71.71,46,1,12.66,clear sky,0,0
410,Altamira,BR,2021-08-15 16:51:24,-3.2033,-52.2064,91.49,58,75,3.44,broken clouds,0,0
411,Sao Filipe,CV,2021-08-15 16:51:24,14.8961,-24.4956,76.03,77,50,4.76,scattered clouds,0,0
412,Satka,RU,2021-08-15 16:51:24,55.0425,59.04,63.09,80,93,2.42,overcast clouds,0,0
413,Naples,IT,2021-08-15 16:51:25,40.8333,14.25,95.85,59,0,4.61,clear sky,0,0
414,Tommot,RU,2021-08-15 16:51:25,58.9564,126.2925,63.09,75,71,2.91,broken clouds,0,0
415,Turje,HU,2021-08-15 16:51:25,46.9837,17.1074,89.31,55,21,14.88,light rain,0,0
416,Porangatu,BR,2021-08-15 16:51:26,-13.4408,-49.1486,97.36,13,0,3.65,clear sky,0,0
417,Sherpur,BD,2021-08-15 16:51:26,25.0188,90.0175,78.98,93,100,8.08,overcast clouds,0,0
418,Zenzeli,RU,2021-08-15 16:51:27,45.9241,47.0474,81.25,59,100,10.31,overcast clouds,0,0
419,Salym,RU,2021-08-15 16:51:27,60.0625,71.4789,60.98,73,21,5.79,few clouds,0,0
420,Yurginskoye,RU,2021-08-15 16:51:28,56.8189,67.3921,63.52,69,93,2.95,overcast clouds,0,0
421,Beyneu,KZ,2021-08-15 16:51:28,45.3167,55.2,84.99,16,0,11.34,clear sky,0,0
422,Ambovombe,MG,2021-08-15 16:51:28,-25.1667,46.0833,63.82,64,18,17.07,few clouds,0,0
423,Kachiry,KZ,2021-08-15 16:51:29,53.0675,76.1036,64.38,63,42,1.25,scattered clouds,0,0
424,Clonakilty,IE,2021-08-15 16:51:29,51.6231,-8.8706,63.61,71,60,18.7,broken clouds,0,0
425,Sitka,US,2021-08-15 16:51:29,57.0531,-135.33,53.49,76,75,5.75,light rain,0,0
426,Ordubad,AZ,2021-08-15 16:51:30,38.9059,46.0234,84.29,40,0,10.42,clear sky,0,0
427,Foso,GH,2021-08-15 16:51:30,5.7012,-1.2866,78.49,68,100,6.87,overcast clouds,0,0
428,Oistins,BB,2021-08-15 16:49:42,13.0667,-59.5333,86.09,74,20,12.66,few clouds,0,0
429,Akureyri,IS,2021-08-15 16:51:30,65.6835,-18.0878,66.13,48,0,10.36,clear sky,0,0
430,Rusape,ZW,2021-08-15 16:51:31,-18.5278,32.1284,53.26,72,9,7.61,clear sky,0,0
431,Yuzhno-Kurilsk,RU,2021-08-15 16:51:31,44.0306,145.8556,53.8,86,11,6.82,few clouds,0,0
432,Del Rio,US,2021-08-15 16:51:32,29.3627,-100.8968,91.42,55,1,5.75,clear sky,0,0
433,Zhaotong,CN,2021-08-15 16:51:32,27.3167,103.7167,63.63,95,85,2.42,overcast clouds,0,0
434,Roebourne,AU,2021-08-15 16:51:32,-20.7833,117.1333,75.42,40,89,11.54,overcast clouds,0,0
435,Ballina,AU,2021-08-15 16:51:33,-28.8667,153.5667,57.78,94,49,0.0,scattered clouds,0,0
436,Goma,CD,2021-08-15 16:51:33,-1.6792,29.2228,66.24,62,94,3.69,overcast clouds,0,0
437,Moose Factory,CA,2021-08-15 16:51:33,51.2585,-80.6094,73.4,46,1,19.57,clear sky,0,0
438,Biak,ID,2021-08-15 16:51:34,-0.9131,122.8766,74.86,84,16,6.33,few clouds,0,0
439,Constitucion,CL,2021-08-15 16:51:34,-35.3333,-72.4167,52.07,82,100,13.38,light rain,0,0
440,Kangaatsiaq,GL,2021-08-15 16:51:35,68.3065,-53.4641,45.48,82,100,25.55,overcast clouds,0,0
441,Cabedelo,BR,2021-08-15 16:51:35,-6.9811,-34.8339,83.07,72,73,18.66,broken clouds,0,0
442,Kysyl-Syr,RU,2021-08-15 16:51:36,63.8986,122.7617,48.94,93,82,2.3,broken clouds,0,0
443,Powell River,CA,2021-08-15 16:51:36,49.8496,-124.5361,74.28,73,40,4.61,smoke,0,0
444,Evensk,RU,2021-08-15 16:51:36,61.95,159.2333,47.07,83,34,3.69,scattered clouds,0,0
445,Dingle,PH,2021-08-15 16:51:37,10.9995,122.6711,76.44,86,75,4.72,light rain,0,0
446,Haputale,LK,2021-08-15 16:51:37,6.7681,80.9595,64.0,78,100,3.89,overcast clouds,0,0
447,Basna,IN,2021-08-15 16:51:37,21.2833,82.8167,84.81,66,100,3.06,overcast clouds,0,0
448,Hobyo,SO,2021-08-15 16:51:38,5.3505,48.5268,77.58,79,65,25.61,broken clouds,0,0
449,Yarada,IN,2021-08-15 16:51:38,17.65,83.2667,80.92,89,75,6.91,mist,0,0
450,Quatre Cocos,MU,2021-08-15 16:51:38,-20.2078,57.7625,66.31,58,96,15.28,overcast clouds,0,0
451,Tres Arroyos,AR,2021-08-15 16:51:39,-38.3739,-60.2798,62.91,38,62,13.11,broken clouds,0,0
452,Saint-Louis,SN,2021-08-15 16:51:39,16.3333,-15.0,92.84,38,100,4.36,overcast clouds,0,0
453,Vilyuysk,RU,2021-08-15 16:51:40,63.7553,121.6247,49.01,94,66,2.93,broken clouds,0,0
454,Port Lincoln,AU,2021-08-15 16:51:40,-34.7333,135.8667,55.45,69,53,11.9,broken clouds,0,0
455,Mocuba,MZ,2021-08-15 16:51:40,-16.8392,36.9856,68.36,73,94,6.33,overcast clouds,0,0
456,Winnemucca,US,2021-08-15 16:51:41,40.973,-117.7357,85.1,23,1,0.0,haze,0,0
457,Puri,IN,2021-08-15 16:51:41,19.8,85.85,82.92,79,94,9.86,overcast clouds,0,0
458,Paso De Carrasco,UY,2021-08-15 16:51:41,-34.8603,-56.0522,54.05,98,90,0.0,overcast clouds,0,0
459,Hue,VN,2021-08-15 16:48:16,16.4667,107.6,78.91,89,20,2.3,few clouds,0,0
460,Tomatlan,MX,2021-08-15 16:51:42,19.9333,-105.25,88.79,57,47,2.75,scattered clouds,0,0
461,Carbonia,IT,2021-08-15 16:51:42,39.1672,8.5222,97.75,45,0,6.24,clear sky,0,0
462,Tiznit,MA,2021-08-15 16:51:42,29.5833,-9.5,100.65,11,75,7.99,broken clouds,0,0
463,Mahon,ES,2021-08-15 16:51:43,39.8885,4.2658,90.16,40,0,8.05,clear sky,0,0
464,Pangnirtung,CA,2021-08-15 16:51:43,66.1451,-65.7125,46.4,87,75,11.5,broken clouds,0,0
465,Ussel,FR,2021-08-15 16:51:44,45.55,2.3167,82.35,47,0,6.38,clear sky,0,0
466,Lavrentiya,RU,2021-08-15 16:51:44,65.5833,-171.0,43.41,83,81,0.87,broken clouds,0,0
467,Martyush,RU,2021-08-15 16:51:44,56.4,61.8819,64.0,61,90,5.5,overcast clouds,0,0
468,Puerto Madryn,AR,2021-08-15 16:48:31,-42.7692,-65.0385,65.59,23,80,21.77,broken clouds,0,0
469,Santiago Del Estero,AR,2021-08-15 16:51:45,-27.7951,-64.2615,69.8,19,10,9.93,clear sky,0,0
470,Inta,RU,2021-08-15 16:51:45,66.0317,60.1659,51.89,74,4,8.81,clear sky,0,0
471,Ozark,US,2021-08-15 16:51:45,37.0209,-93.206,83.32,58,0,3.0,clear sky,0,0
472,Tual,ID,2021-08-15 16:51:46,-5.6667,132.75,80.11,83,100,18.21,overcast clouds,0,0
473,Puerto Madero,MX,2021-08-15 16:51:46,14.7208,-92.4215,82.74,73,100,8.95,overcast clouds,0,0
474,Waverly,US,2021-08-15 16:51:46,42.7392,-84.6208,76.82,54,1,0.0,clear sky,0,0
475,Baiyin,CN,2021-08-15 16:51:47,36.5583,104.2081,68.88,63,93,15.05,overcast clouds,0,0
476,Ourossogui,SN,2021-08-15 16:51:47,15.6064,-13.3211,87.8,70,20,4.61,few clouds,0,0
477,Tefe,BR,2021-08-15 16:51:47,-3.3542,-64.7114,84.31,79,40,4.61,scattered clouds,0,0
478,Mashhad,IR,2021-08-15 16:49:01,36.297,59.6062,75.34,31,0,4.61,clear sky,0,0
479,Hervey Bay,AU,2021-08-15 16:51:48,-25.2986,152.8535,60.04,82,21,2.95,few clouds,0,0
480,Whitehorse,CA,2021-08-15 16:51:48,60.7161,-135.0538,44.02,93,90,3.44,light rain,0,0
481,Rovaniemi,FI,2021-08-15 16:51:48,66.5,25.7167,60.21,82,100,5.75,overcast clouds,0,0
482,Veraval,IN,2021-08-15 16:51:49,20.9,70.3667,81.55,79,100,13.44,overcast clouds,0,0
483,Frankfort,ZA,2021-08-15 16:51:49,-27.2667,28.4833,49.73,79,68,6.91,broken clouds,0,0
484,Sur,OM,2021-08-15 16:51:49,22.5667,59.5289,89.1,57,32,10.11,scattered clouds,0,0
485,Mogadishu,SO,2021-08-15 16:51:50,2.0371,45.3438,76.46,83,24,17.52,light rain,0,0
486,Concordia,AR,2021-08-15 16:51:50,-31.393,-58.0209,66.49,50,1,2.51,clear sky,0,0
487,Terenos,BR,2021-08-15 16:51:51,-20.4422,-54.8603,92.91,22,0,10.36,clear sky,0,0
488,Brownsville,US,2021-08-15 16:47:07,25.9018,-97.4975,91.35,60,20,3.0,few clouds,0,0
489,Khani,GE,2021-08-15 16:51:51,41.9563,42.9566,63.97,99,90,1.97,overcast clouds,0,0
490,Luderitz,NA,2021-08-15 16:51:51,-26.6481,15.1594,57.52,73,0,6.87,clear sky,0,0
491,Muscatine,US,2021-08-15 16:51:52,41.4667,-91.1335,80.19,43,1,1.01,clear sky,0,0
492,Malanje,AO,2021-08-15 16:51:52,-9.5402,16.341,81.72,29,61,3.18,broken clouds,0,0
493,La Ronge,CA,2021-08-15 16:51:52,55.1001,-105.2842,73.62,46,20,6.91,few clouds,0,0
494,Caernarfon,GB,2021-08-15 16:51:53,53.1413,-4.2702,64.51,40,90,11.5,overcast clouds,0,0
495,Waddan,LY,2021-08-15 16:51:53,29.1614,16.139,92.59,18,0,11.99,clear sky,0,0
496,Port Pirie,AU,2021-08-15 16:51:53,-33.1833,138.0167,41.09,76,0,2.15,clear sky,0,0
497,Juntas,CR,2021-08-15 16:51:54,10.2809,-84.9595,83.34,72,97,4.34,overcast clouds,0,0
498,Great Yarmouth,GB,2021-08-15 16:51:54,52.6083,1.7305,74.44,54,69,15.19,broken clouds,0,0
499,Inirida,CO,2021-08-15 16:51:54,3.8653,-67.9239,85.73,62,86,2.82,overcast clouds,0,0
500,Ler,SS,2021-08-15 16:51:55,8.3018,30.1418,73.36,90,100,3.71,overcast clouds,0,0
501,Sakakah,SA,2021-08-15 16:51:55,29.9697,40.2064,101.77,15,0,12.26,clear sky,0,0
502,Kenai,US,2021-08-15 16:47:53,60.5544,-151.2583,52.03,80,1,5.75,clear sky,0,0
503,Rawson,AR,2021-08-15 16:51:56,-43.3002,-65.1023,65.57,21,81,21.07,broken clouds,0,0
504,Petropavlovsk-Kamchatskiy,RU,2021-08-15 16:51:56,53.0452,158.6483,48.79,100,20,4.47,few clouds,0,0
505,Flic En Flac,MU,2021-08-15 16:51:56,-20.2742,57.3631,66.76,74,14,12.15,few clouds,0,0
506,Russell,US,2021-08-15 16:51:56,32.3502,-85.1999,88.97,68,75,3.44,broken clouds,0,0
507,Muli,MV,2021-08-15 16:51:57,2.9167,73.5667,82.78,70,23,15.48,few clouds,0,0
508,Kerouane,GN,2021-08-15 16:51:57,9.2667,-9.0167,75.38,87,91,6.8,light rain,0,0
509,Moree,AU,2021-08-15 16:51:58,-29.4667,149.85,53.62,66,90,10.36,overcast clouds,0,0
510,Panama City,PA,2021-08-15 16:49:59,8.9936,-79.5197,84.15,86,75,6.91,thunderstorm,0,0
511,Batagay-Alyta,RU,2021-08-15 16:51:58,67.8006,130.4114,47.5,77,100,1.54,overcast clouds,0,0
512,Mitchell,US,2021-08-15 16:51:17,43.7094,-98.0298,84.11,55,1,8.01,clear sky,0,0
513,Karpogory,RU,2021-08-15 16:51:59,64.0019,44.4451,58.35,93,100,11.74,overcast clouds,0,0
514,Tongliao,CN,2021-08-15 16:51:59,43.6125,122.2653,64.98,84,70,3.85,broken clouds,0,0
515,Ciudad Bolivar,VE,2021-08-15 16:52:00,8.1222,-63.5497,76.86,84,100,3.94,overcast clouds,0,0
516,Diego De Almagro,CL,2021-08-15 16:48:08,-26.3667,-70.05,77.02,13,11,10.13,few clouds,0,0
517,Hami,CN,2021-08-15 16:52:00,42.8,93.45,85.87,25,100,13.62,overcast clouds,0,0
518,Merauke,ID,2021-08-15 16:52:00,-8.4667,140.3333,76.53,84,92,15.37,overcast clouds,0,0
519,Concepcion Del Uruguay,AR,2021-08-15 16:52:01,-32.4825,-58.2372,66.81,55,0,4.0,clear sky,0,0
520,Canoinhas,BR,2021-08-15 16:52:01,-26.1772,-50.39,62.4,83,96,1.01,overcast clouds,0,0
521,Ranong,TH,2021-08-15 16:52:03,9.9658,98.6348,75.96,90,100,4.7,light rain,0,0
522,Vestmanna,FO,2021-08-15 16:52:03,62.1564,-7.1664,49.12,81,20,11.5,few clouds,0,0
523,Celestun,MX,2021-08-15 16:52:03,20.8667,-90.4,85.86,63,28,8.25,scattered clouds,0,0
524,Kargasok,RU,2021-08-15 16:52:04,59.0556,80.8572,66.42,80,89,5.5,overcast clouds,0,0
525,Santa Helena De Goias,BR,2021-08-15 16:52:04,-17.8136,-50.5969,91.26,17,0,5.26,clear sky,0,0
526,Chambas,CU,2021-08-15 16:52:04,22.1928,-78.9136,89.6,58,73,6.08,broken clouds,0,0
527,Ugoofaaru,MV,2021-08-15 16:52:05,5.6667,73.0,82.29,76,77,16.53,broken clouds,0,0
528,Tacuarembo,UY,2021-08-15 16:52:05,-31.7333,-55.9833,65.93,49,0,2.01,clear sky,0,0
529,Goderich,CA,2021-08-15 16:48:26,43.7501,-81.7165,72.91,46,4,3.44,clear sky,0,0
530,Kupang,ID,2021-08-15 16:52:06,-10.1667,123.5833,76.39,80,21,11.48,few clouds,0,0
531,Vao,NC,2021-08-15 16:52:06,-22.6667,167.4833,68.16,71,73,21.16,broken clouds,0,0
532,Kiama,AU,2021-08-15 16:52:07,-34.6833,150.8667,58.37,45,0,15.12,clear sky,0,0
533,Pimentel,PE,2021-08-15 16:52:07,-6.8367,-79.9342,71.89,76,75,5.01,broken clouds,0,0
534,Yangjiang,CN,2021-08-15 16:52:07,21.85,111.9667,80.01,88,96,4.18,light rain,0,0
535,Daru,PG,2021-08-15 16:52:08,-9.0763,143.2092,76.32,88,100,17.78,overcast clouds,0,0
536,College,US,2021-08-15 16:52:08,64.8569,-147.8028,49.59,93,75,6.91,light rain,0,0
537,Codrington,AU,2021-08-15 16:52:08,-38.2667,141.9667,50.04,70,17,16.75,few clouds,0,0
538,Talcahuano,CL,2021-08-15 16:52:09,-36.7167,-73.1167,51.48,76,90,21.85,light rain,0,0
539,Acarau,BR,2021-08-15 16:52:09,-2.8856,-40.12,84.61,60,51,14.9,broken clouds,0,0
540,Touros,BR,2021-08-15 16:52:10,-5.1989,-35.4608,85.1,63,48,21.18,scattered clouds,0,0
541,Kolosovka,RU,2021-08-15 16:52:10,56.4678,73.611,63.84,89,69,7.83,light rain,0,0
542,Kudahuvadhoo,MV,2021-08-15 16:52:10,2.6708,72.8944,82.65,72,18,14.38,few clouds,0,0
543,Margate,GB,2021-08-15 16:52:11,51.3813,1.3862,73.26,57,12,4.0,few clouds,0,0
544,Daura,NG,2021-08-15 16:52:11,11.5538,11.4085,82.76,67,84,3.04,light rain,0,0
545,Shebunino,RU,2021-08-15 16:52:11,46.4339,141.8603,53.38,91,82,5.1,broken clouds,0,0
546,Russkaya Polyana,UA,2021-08-15 16:52:12,49.417,31.9201,74.8,48,6,5.1,clear sky,0,0
547,Tabas,IR,2021-08-15 16:52:12,33.5959,56.9244,90.75,7,0,13.69,clear sky,0,0
548,Fairbanks,US,2021-08-15 16:47:31,64.8378,-147.7164,50.09,92,90,1.99,light rain,0,0
549,Otjimbingwe,NA,2021-08-15 16:52:12,-22.35,16.1333,74.43,19,0,12.66,clear sky,0,0
550,Flinders,AU,2021-08-15 16:52:13,-34.5833,150.8552,58.17,48,0,5.99,clear sky,0,0
551,Challapata,BO,2021-08-15 16:52:13,-18.9,-66.7667,49.35,14,14,7.27,few clouds,0,0
552,Angoram,PG,2021-08-15 16:52:13,-4.0625,144.0661,72.68,99,61,1.1,broken clouds,0,0
553,Kalemie,CD,2021-08-15 16:52:14,-5.9475,29.1947,75.42,52,8,2.42,clear sky,0,0
